               epoch,      train/box_loss,      train/obj_loss,      train/cls_loss,   metrics/precision,      metrics/recall,     metrics/mAP_0.5,metrics/mAP_0.5:0.95,        val/box_loss,        val/obj_loss,        val/cls_loss,               x/lr0,               x/lr1,               x/lr2
                   0,            0.067477,            0.027423,             0.03378,             0.19049,             0.41963,             0.21001,             0.06348,            0.060149,            0.019238,            0.026654,           0.0033292,           0.0033292,            0.070037
                   1,            0.050704,            0.026854,            0.017509,             0.28647,             0.45679,             0.31729,             0.13921,            0.046103,             0.01737,             0.01713,           0.0066623,           0.0066623,            0.040037
                   2,            0.048309,            0.027031,            0.016535,             0.28308,             0.45832,             0.29933,             0.13199,            0.047253,            0.016969,            0.021815,           0.0099946,           0.0099946,            0.010036
                   3,            0.046793,            0.026858,            0.015762,             0.34424,             0.47525,             0.36089,             0.18922,            0.042368,            0.016966,            0.017902,           0.0099972,           0.0099972,           0.0099972
                   4,            0.045275,            0.026635,            0.014528,             0.31867,             0.48985,             0.35757,             0.16454,            0.048275,            0.015969,            0.016708,           0.0099972,           0.0099972,           0.0099972
                   5,            0.044469,            0.026368,             0.01388,             0.37221,             0.53797,             0.42608,             0.22995,             0.03931,            0.015967,            0.010747,           0.0099949,           0.0099949,           0.0099949
                   6,            0.043933,            0.026395,            0.013333,             0.38421,             0.52629,              0.4289,              0.2308,            0.040367,            0.016389,            0.011001,           0.0099921,           0.0099921,           0.0099921
                   7,            0.043657,            0.026124,            0.013221,             0.40109,             0.54041,             0.44519,             0.24024,            0.039708,            0.016314,            0.009937,           0.0099886,           0.0099886,           0.0099886
                   8,              0.0433,            0.025988,            0.012871,             0.40527,             0.55264,             0.45034,             0.25179,            0.037483,            0.015724,           0.0096185,           0.0099845,           0.0099845,           0.0099845
                   9,            0.043267,            0.026144,            0.012685,             0.42043,             0.55016,             0.45978,             0.24974,            0.038753,            0.015506,           0.0093607,           0.0099798,           0.0099798,           0.0099798
                  10,            0.042949,             0.02592,            0.012717,             0.41487,             0.57123,             0.47313,             0.26639,            0.036768,            0.015549,           0.0090229,           0.0099744,           0.0099744,           0.0099744
                  11,            0.042736,            0.025689,            0.012332,             0.43078,             0.55175,             0.47633,             0.26935,            0.036922,            0.015412,           0.0089368,           0.0099685,           0.0099685,           0.0099685
                  12,            0.042607,            0.025883,            0.012372,             0.42162,             0.57678,             0.47839,             0.27255,            0.036381,            0.015398,           0.0088534,           0.0099618,           0.0099618,           0.0099618
                  13,            0.042473,            0.025598,            0.012328,             0.45865,             0.55108,              0.4855,             0.27499,            0.036478,            0.015328,            0.008821,           0.0099546,           0.0099546,           0.0099546
                  14,            0.042492,             0.02582,             0.01215,             0.44859,             0.55855,             0.48767,             0.27515,            0.036721,            0.015407,           0.0087307,           0.0099467,           0.0099467,           0.0099467
                  15,            0.042494,            0.025629,            0.012057,             0.43185,             0.58366,             0.48998,             0.28056,            0.036054,            0.015344,           0.0086135,           0.0099383,           0.0099383,           0.0099383
                  16,            0.042261,            0.025728,            0.012283,             0.45185,             0.56201,             0.49181,             0.28233,            0.035982,            0.015315,           0.0085916,           0.0099291,           0.0099291,           0.0099291
                  17,            0.042174,            0.025542,             0.01204,               0.449,             0.56737,             0.49565,             0.28379,            0.035968,            0.015319,           0.0085163,           0.0099194,           0.0099194,           0.0099194
                  18,            0.042049,            0.025434,            0.012039,              0.4628,             0.55654,             0.49723,             0.28571,            0.035902,            0.015294,           0.0085304,           0.0099091,           0.0099091,           0.0099091
                  19,            0.042158,            0.025628,            0.011875,             0.45311,             0.56774,             0.49841,             0.28634,            0.035877,             0.01529,           0.0085154,           0.0098981,           0.0098981,           0.0098981
                  20,            0.042085,            0.025632,            0.011947,             0.45754,             0.56591,             0.50008,             0.28777,            0.035782,            0.015275,           0.0084732,           0.0098865,           0.0098865,           0.0098865
                  21,            0.042041,            0.025412,            0.011792,               0.461,             0.56357,             0.50123,             0.28887,            0.035689,            0.015229,           0.0084701,           0.0098743,           0.0098743,           0.0098743
                  22,            0.041934,            0.025621,            0.011737,             0.44951,             0.57573,             0.50238,             0.28996,            0.035608,            0.015214,            0.008452,           0.0098615,           0.0098615,           0.0098615
                  23,            0.041906,            0.025587,            0.011767,             0.44739,             0.57887,             0.50338,             0.29082,            0.035554,            0.015197,           0.0084356,           0.0098481,           0.0098481,           0.0098481
                  24,            0.041834,            0.025551,            0.011767,             0.46745,             0.56074,             0.50386,             0.29153,            0.035526,            0.015185,           0.0084278,           0.0098341,           0.0098341,           0.0098341
                  25,            0.041796,            0.025556,            0.011662,             0.46037,             0.56865,             0.50444,               0.292,             0.03549,            0.015161,           0.0084219,           0.0098195,           0.0098195,           0.0098195
                  26,            0.041743,            0.025546,            0.011587,              0.4626,             0.56787,             0.50505,              0.2925,            0.035474,            0.015148,           0.0084147,           0.0098042,           0.0098042,           0.0098042
                  27,            0.041745,             0.02547,            0.011507,             0.46389,             0.56761,             0.50513,             0.29294,            0.035457,             0.01514,           0.0084064,           0.0097884,           0.0097884,           0.0097884
                  28,            0.041513,            0.025359,            0.011667,             0.46364,             0.56901,             0.50565,             0.29316,            0.035442,            0.015141,              0.0084,            0.009772,            0.009772,            0.009772
                  29,            0.041724,            0.025398,            0.011578,             0.45444,              0.5782,             0.50571,             0.29303,            0.035429,            0.015144,            0.008394,           0.0097549,           0.0097549,           0.0097549
                  30,            0.041526,            0.025392,            0.011481,             0.46664,             0.56741,             0.50585,             0.29313,             0.03541,            0.015137,           0.0083868,           0.0097373,           0.0097373,           0.0097373
                  31,            0.041663,             0.02543,            0.011464,              0.4694,              0.5654,             0.50592,             0.29323,            0.035393,            0.015129,           0.0083823,           0.0097191,           0.0097191,           0.0097191
                  32,            0.041581,            0.025364,            0.011521,             0.46703,             0.56794,             0.50625,             0.29366,            0.035375,            0.015119,           0.0083747,           0.0097003,           0.0097003,           0.0097003
                  33,            0.041656,            0.025545,            0.011503,             0.46697,             0.56909,             0.50689,             0.29401,             0.03536,            0.015116,           0.0083623,           0.0096809,           0.0096809,           0.0096809
                  34,            0.041482,            0.025391,            0.011467,             0.45219,             0.58457,             0.50723,              0.2943,            0.035348,            0.015121,           0.0083513,            0.009661,            0.009661,            0.009661
                  35,            0.041356,            0.025215,            0.011552,             0.45282,             0.58448,             0.50734,             0.29464,            0.035334,            0.015119,            0.008348,           0.0096404,           0.0096404,           0.0096404
                  36,            0.041447,            0.025481,            0.011386,             0.45717,             0.58128,             0.50768,             0.29475,            0.035317,            0.015109,           0.0083311,           0.0096193,           0.0096193,           0.0096193
                  37,             0.04137,            0.025399,            0.011257,             0.44868,             0.59038,             0.50782,             0.29484,            0.035304,            0.015106,           0.0083209,           0.0095976,           0.0095976,           0.0095976
                  38,            0.041279,             0.02528,            0.011381,             0.45906,             0.58048,             0.50836,             0.29496,            0.035292,            0.015097,           0.0083118,           0.0095754,           0.0095754,           0.0095754
                  39,             0.04142,            0.025411,            0.011303,             0.46491,             0.57508,             0.50858,             0.29523,            0.035278,            0.015092,           0.0083041,           0.0095525,           0.0095525,           0.0095525
                  40,            0.041145,            0.025234,            0.011297,             0.45246,             0.58757,             0.50891,             0.29548,            0.035265,             0.01508,           0.0083018,           0.0095292,           0.0095292,           0.0095292
                  41,            0.041443,            0.025293,            0.011274,              0.4547,             0.58617,             0.50897,               0.296,            0.035253,            0.015065,            0.008294,           0.0095052,           0.0095052,           0.0095052
                  42,            0.041329,            0.025263,            0.011183,             0.45499,             0.58713,             0.50971,             0.29618,             0.03524,            0.015054,           0.0082875,           0.0094807,           0.0094807,           0.0094807
                  43,            0.041208,            0.025235,            0.011267,             0.45117,             0.59272,             0.50997,             0.29649,            0.035223,            0.015042,            0.008284,           0.0094557,           0.0094557,           0.0094557
                  44,            0.041246,            0.025141,            0.011238,              0.4586,              0.5863,             0.51009,             0.29679,             0.03521,            0.015034,           0.0082755,           0.0094301,           0.0094301,           0.0094301
                  45,            0.041047,            0.025211,            0.011212,             0.46577,             0.58018,             0.51057,             0.29695,            0.035203,            0.015027,           0.0082603,            0.009404,            0.009404,            0.009404
                  46,             0.04113,            0.025144,            0.011226,             0.46413,             0.58285,             0.51108,              0.2971,            0.035187,            0.015017,           0.0082504,           0.0093773,           0.0093773,           0.0093773
                  47,            0.041133,             0.02528,            0.011025,             0.46858,             0.57947,             0.51201,             0.29731,             0.03518,            0.015014,           0.0082295,           0.0093501,           0.0093501,           0.0093501
                  48,            0.041239,            0.025162,            0.011247,             0.46739,             0.58142,             0.51261,             0.29757,            0.035178,            0.015016,           0.0082279,           0.0093224,           0.0093224,           0.0093224
                  49,            0.041262,            0.025401,            0.011042,             0.46807,              0.5804,             0.51293,             0.29831,            0.035161,            0.015011,           0.0082203,           0.0092941,           0.0092941,           0.0092941
                  50,            0.041189,             0.02528,            0.011123,             0.45396,             0.59444,             0.51368,             0.29864,            0.035145,            0.015002,            0.008203,           0.0092654,           0.0092654,           0.0092654
                  51,            0.041156,            0.025143,            0.011078,             0.45565,             0.59281,             0.51428,             0.29891,            0.035126,            0.014995,           0.0081983,           0.0092361,           0.0092361,           0.0092361
                  52,            0.041059,            0.025047,            0.011022,              0.4715,             0.57782,             0.51459,             0.29923,            0.035118,            0.015001,           0.0081935,           0.0092063,           0.0092063,           0.0092063
                  53,            0.041013,            0.025104,            0.011197,             0.47419,             0.57598,               0.515,             0.29936,            0.035101,            0.014993,           0.0081857,            0.009176,            0.009176,            0.009176
                  54,             0.04098,            0.025167,             0.01125,             0.46523,             0.58498,             0.51562,             0.29965,            0.035101,            0.014997,           0.0081715,           0.0091452,           0.0091452,           0.0091452
                  55,            0.040915,            0.025072,            0.011014,             0.47131,             0.57971,             0.51537,             0.29978,            0.035088,            0.014991,           0.0081601,           0.0091138,           0.0091138,           0.0091138
                  56,            0.040972,            0.025148,            0.011107,             0.46696,             0.58361,             0.51573,             0.30023,            0.035076,            0.014996,           0.0081594,           0.0090821,           0.0090821,           0.0090821
                  57,            0.040934,            0.025108,            0.011069,             0.46871,             0.58296,             0.51604,             0.30039,            0.035075,            0.014994,           0.0081581,           0.0090498,           0.0090498,           0.0090498
                  58,            0.040913,            0.025128,            0.010923,             0.46737,             0.58532,              0.5167,             0.30051,            0.035084,            0.015002,           0.0081467,            0.009017,            0.009017,            0.009017
                  59,            0.040919,            0.025122,            0.011001,             0.46801,             0.58503,              0.5171,             0.30094,            0.035084,            0.015006,           0.0081354,           0.0089838,           0.0089838,           0.0089838
                  60,             0.04099,            0.025174,            0.010957,             0.46948,             0.58439,             0.51756,             0.30103,            0.035078,            0.015012,           0.0081266,           0.0089501,           0.0089501,           0.0089501
                  61,            0.040864,            0.025123,            0.010896,              0.4706,             0.58318,             0.51787,             0.30129,            0.035069,            0.015014,           0.0081128,           0.0089159,           0.0089159,           0.0089159
                  62,            0.040858,            0.025004,            0.010866,             0.45584,             0.59838,             0.51837,             0.30155,            0.035067,            0.015018,           0.0080997,           0.0088812,           0.0088812,           0.0088812
                  63,            0.040852,            0.025099,            0.010959,             0.45439,             0.60008,             0.51894,             0.30167,            0.035062,            0.015017,           0.0080906,           0.0088461,           0.0088461,           0.0088461
                  64,             0.04086,            0.025045,            0.010988,              0.4711,             0.58367,              0.5193,             0.30219,            0.035057,            0.015019,            0.008082,           0.0088106,           0.0088106,           0.0088106
                  65,            0.040938,            0.025039,            0.010854,             0.47319,             0.58238,             0.51979,             0.30247,            0.035043,            0.015017,           0.0080774,           0.0087746,           0.0087746,           0.0087746
                  66,            0.040897,            0.025105,            0.010797,             0.47565,             0.58036,             0.51997,             0.30258,             0.03504,             0.01502,            0.008077,           0.0087382,           0.0087382,           0.0087382
                  67,            0.040932,            0.025064,            0.010874,             0.47844,             0.57889,             0.52019,             0.30282,            0.035017,            0.015014,           0.0080676,           0.0087013,           0.0087013,           0.0087013
                  68,             0.04082,            0.025004,            0.010812,             0.48075,             0.57714,              0.5205,             0.30305,            0.035007,            0.015014,           0.0080619,            0.008664,            0.008664,            0.008664
                  69,            0.040769,            0.024949,            0.011023,             0.47808,             0.58037,             0.52054,             0.30317,            0.034986,            0.015015,           0.0080601,           0.0086263,           0.0086263,           0.0086263
                  70,            0.040645,            0.024926,            0.010785,             0.47241,             0.58558,             0.52075,             0.30361,            0.034969,            0.015012,           0.0080624,           0.0085882,           0.0085882,           0.0085882
                  71,            0.040833,            0.025026,            0.010933,             0.47236,             0.58473,             0.52113,             0.30377,            0.034953,            0.015007,           0.0080679,           0.0085497,           0.0085497,           0.0085497
                  72,            0.040778,            0.025049,             0.01077,             0.45507,             0.60274,             0.52165,              0.3042,            0.034938,            0.014998,           0.0080628,           0.0085108,           0.0085108,           0.0085108
                  73,            0.040693,            0.024995,             0.01072,              0.4594,             0.59956,             0.52198,             0.30429,            0.034923,            0.014991,            0.008054,           0.0084714,           0.0084714,           0.0084714
                  74,            0.040556,            0.024865,            0.010758,             0.46424,             0.59399,             0.52232,             0.30432,            0.034921,            0.014994,           0.0080524,           0.0084317,           0.0084317,           0.0084317
                  75,            0.040811,             0.02517,            0.010692,             0.46095,             0.59881,             0.52257,             0.30439,            0.034911,            0.014988,           0.0080463,           0.0083916,           0.0083916,           0.0083916
                  76,              0.0407,             0.02508,            0.010733,              0.4615,             0.59827,             0.52267,             0.30456,            0.034901,            0.014989,           0.0080423,           0.0083511,           0.0083511,           0.0083511
                  77,            0.040702,             0.02503,            0.010728,              0.4613,             0.59852,             0.52309,             0.30511,            0.034889,            0.014992,           0.0080311,           0.0083103,           0.0083103,           0.0083103
                  78,            0.040401,            0.024899,            0.010653,               0.465,              0.5948,              0.5234,              0.3053,            0.034879,            0.014996,           0.0080205,           0.0082691,           0.0082691,           0.0082691
                  79,            0.040623,            0.025073,            0.010677,             0.47136,             0.58842,              0.5237,             0.30525,            0.034879,            0.015003,           0.0080094,           0.0082275,           0.0082275,           0.0082275
                  80,            0.040657,            0.024978,            0.010621,             0.46646,             0.59241,             0.52375,             0.30548,            0.034886,            0.015005,           0.0079985,           0.0081856,           0.0081856,           0.0081856
                  81,            0.040523,            0.025037,            0.010726,             0.47251,             0.58686,             0.52398,             0.30559,            0.034886,             0.01501,           0.0079839,           0.0081433,           0.0081433,           0.0081433
                  82,            0.040484,             0.02485,            0.010719,             0.45239,             0.60976,             0.52424,             0.30567,            0.034878,            0.015008,           0.0079787,           0.0081007,           0.0081007,           0.0081007
                  83,              0.0404,            0.024812,            0.010663,              0.4732,             0.58675,             0.52463,             0.30582,            0.034874,               0.015,           0.0079678,           0.0080578,           0.0080578,           0.0080578
                  84,            0.040462,            0.024847,            0.010517,             0.47098,             0.58945,             0.52468,             0.30608,             0.03486,            0.014997,           0.0079579,           0.0080145,           0.0080145,           0.0080145
                  85,            0.040582,            0.025064,             0.01054,             0.45468,             0.60777,             0.52546,             0.30654,            0.034844,            0.014987,           0.0079496,           0.0079709,           0.0079709,           0.0079709
                  86,            0.040502,            0.024984,            0.010606,             0.48031,             0.58069,              0.5258,             0.30668,            0.034848,            0.014989,           0.0079432,            0.007927,            0.007927,            0.007927
                  87,            0.040374,            0.025032,            0.010504,             0.48058,             0.58042,              0.5258,             0.30689,            0.034838,            0.014983,           0.0079361,           0.0078828,           0.0078828,           0.0078828
                  88,             0.04046,            0.024989,            0.010421,             0.45531,             0.60744,             0.52588,             0.30699,            0.034828,            0.014979,           0.0079288,           0.0078383,           0.0078383,           0.0078383
                  89,            0.040488,             0.02494,            0.010508,             0.45917,             0.60313,             0.52643,             0.30718,            0.034823,            0.014974,           0.0079286,           0.0077935,           0.0077935,           0.0077935
                  90,            0.040319,            0.024963,            0.010486,             0.46401,             0.59872,             0.52687,             0.30751,             0.03481,            0.014967,           0.0079204,           0.0077485,           0.0077485,           0.0077485
                  91,            0.040271,            0.024937,            0.010397,             0.47309,              0.5896,             0.52718,             0.30787,            0.034798,            0.014956,           0.0079154,           0.0077031,           0.0077031,           0.0077031
                  92,            0.040425,            0.024867,            0.010487,              0.4913,             0.57239,             0.52741,             0.30816,            0.034782,            0.014945,           0.0079027,           0.0076575,           0.0076575,           0.0076575
                  93,            0.040397,            0.024871,            0.010442,             0.49163,              0.5731,             0.52783,             0.30835,            0.034783,            0.014942,           0.0078937,           0.0076116,           0.0076116,           0.0076116
                  94,            0.040224,            0.024854,            0.010475,             0.49015,             0.57557,             0.52825,             0.30877,            0.034775,            0.014934,           0.0078808,           0.0075655,           0.0075655,           0.0075655
                  95,            0.040289,            0.024788,            0.010465,             0.46569,             0.60115,             0.52887,             0.30886,            0.034774,            0.014932,           0.0078738,           0.0075191,           0.0075191,           0.0075191
                  96,            0.040388,            0.024973,            0.010323,             0.46525,             0.60141,             0.52937,             0.30909,             0.03476,            0.014926,           0.0078652,           0.0074725,           0.0074725,           0.0074725
                  97,            0.040287,             0.02485,             0.01042,             0.47379,             0.59265,             0.52945,             0.30909,            0.034757,            0.014936,           0.0078585,           0.0074256,           0.0074256,           0.0074256
                  98,            0.040274,            0.024882,            0.010415,             0.46995,             0.59654,             0.52959,             0.30896,            0.034764,            0.014941,           0.0078554,           0.0073786,           0.0073786,           0.0073786
                  99,            0.040251,            0.024721,            0.010441,             0.48277,             0.58408,             0.52954,             0.30894,            0.034768,            0.014945,           0.0078494,           0.0073313,           0.0073313,           0.0073313
                 100,            0.040158,            0.024775,            0.010374,             0.47184,             0.59515,             0.52988,             0.30931,            0.034771,            0.014939,             0.00785,           0.0072838,           0.0072838,           0.0072838
                 101,            0.040092,            0.024817,            0.010224,             0.47403,             0.59296,             0.52989,             0.30936,            0.034779,            0.014943,           0.0078498,           0.0072361,           0.0072361,           0.0072361
                 102,            0.040285,            0.024929,            0.010328,             0.46752,             0.60069,             0.52998,             0.30946,            0.034771,            0.014945,           0.0078467,           0.0071882,           0.0071882,           0.0071882
                 103,              0.0401,            0.024883,            0.010345,             0.47524,             0.59273,             0.53039,             0.30943,            0.034764,            0.014944,           0.0078443,           0.0071401,           0.0071401,           0.0071401
                 104,            0.040162,            0.024691,            0.010238,             0.47379,             0.59217,             0.53036,             0.30962,            0.034764,            0.014939,            0.007841,           0.0070918,           0.0070918,           0.0070918
                 105,            0.040035,            0.024825,            0.010377,             0.49599,             0.57154,             0.53069,             0.30976,            0.034767,            0.014941,            0.007837,           0.0070434,           0.0070434,           0.0070434
                 106,             0.04001,            0.024734,            0.010191,             0.47099,             0.59617,             0.53089,             0.30987,             0.03476,            0.014936,            0.007834,           0.0069948,           0.0069948,           0.0069948
                 107,            0.040086,            0.024612,            0.010238,             0.47516,             0.59311,             0.53106,             0.31024,            0.034729,            0.014916,           0.0078269,            0.006946,            0.006946,            0.006946
                 108,            0.040064,            0.024768,            0.010359,             0.47751,             0.59053,             0.53124,             0.31047,            0.034721,            0.014912,           0.0078126,           0.0068971,           0.0068971,           0.0068971
                 109,            0.040072,            0.024673,            0.010322,              0.4824,             0.58665,             0.53152,             0.31065,            0.034709,            0.014902,           0.0078093,            0.006848,            0.006848,            0.006848
                 110,            0.039947,            0.024538,            0.010103,             0.48743,             0.58231,             0.53172,             0.31082,            0.034697,             0.01489,           0.0078071,           0.0067988,           0.0067988,           0.0067988
                 111,            0.040072,            0.024762,            0.010232,             0.47414,             0.59488,             0.53182,             0.31088,            0.034692,            0.014884,            0.007806,           0.0067495,           0.0067495,           0.0067495
                 112,            0.040035,            0.024865,            0.010153,              0.4836,              0.5865,             0.53206,             0.31113,            0.034687,            0.014881,           0.0078012,           0.0067001,           0.0067001,           0.0067001
                 113,            0.039907,            0.024636,            0.010046,             0.48367,             0.58627,              0.5324,             0.31146,            0.034681,            0.014876,           0.0077936,           0.0066505,           0.0066505,           0.0066505
                 114,             0.03995,            0.024779,            0.010081,             0.48826,             0.58255,             0.53263,             0.31146,            0.034674,            0.014878,           0.0077886,           0.0066009,           0.0066009,           0.0066009
                 115,            0.039977,            0.024702,            0.010148,             0.49457,             0.57767,             0.53301,             0.31133,            0.034672,             0.01488,            0.007787,           0.0065512,           0.0065512,           0.0065512
                 116,             0.03989,            0.024627,            0.010052,             0.49081,             0.58091,             0.53299,             0.31137,            0.034665,             0.01488,           0.0077859,           0.0065013,           0.0065013,           0.0065013
                 117,            0.039859,            0.024763,           0.0099966,             0.49623,             0.57707,             0.53328,             0.31145,            0.034663,            0.014878,           0.0077877,           0.0064514,           0.0064514,           0.0064514
                 118,            0.039865,            0.024553,            0.010138,             0.48529,             0.58809,             0.53333,             0.31167,            0.034656,            0.014871,           0.0077841,           0.0064014,           0.0064014,           0.0064014
                 119,            0.039896,            0.024572,             0.00999,             0.49212,             0.58087,             0.53355,             0.31188,            0.034649,            0.014863,           0.0077742,           0.0063514,           0.0063514,           0.0063514
                 120,            0.039803,            0.024624,           0.0099703,             0.48804,             0.58583,             0.53359,              0.3119,            0.034648,            0.014856,           0.0077664,           0.0063013,           0.0063013,           0.0063013
                 121,             0.03976,             0.02456,            0.010018,             0.48479,             0.59024,             0.53384,             0.31233,            0.034637,            0.014853,           0.0077647,           0.0062512,           0.0062512,           0.0062512
                 122,            0.039782,            0.024507,             0.00988,             0.48617,             0.58953,             0.53461,             0.31247,            0.034635,            0.014852,           0.0077533,            0.006201,            0.006201,            0.006201
                 123,            0.039778,            0.024643,            0.010017,             0.48532,             0.58981,             0.53476,             0.31268,            0.034629,            0.014854,           0.0077441,           0.0061508,           0.0061508,           0.0061508
                 124,            0.039623,            0.024549,            0.009943,             0.49303,             0.58353,             0.53528,             0.31287,            0.034629,            0.014854,           0.0077396,           0.0061005,           0.0061005,           0.0061005
                 125,            0.039583,            0.024475,           0.0099822,             0.49293,             0.58416,              0.5356,             0.31304,            0.034628,            0.014849,           0.0077353,           0.0060503,           0.0060503,           0.0060503
                 126,             0.03958,            0.024611,            0.010061,             0.49767,             0.58026,             0.53563,             0.31296,            0.034622,            0.014847,           0.0077331,               0.006,               0.006,               0.006
                 127,             0.03964,            0.024666,           0.0099508,             0.49782,              0.5793,             0.53556,             0.31291,            0.034623,            0.014854,           0.0077387,           0.0059497,           0.0059497,           0.0059497
                 128,            0.039762,            0.024672,           0.0098751,             0.48617,             0.59086,             0.53569,             0.31301,            0.034619,            0.014851,           0.0077328,           0.0058995,           0.0058995,           0.0058995
                 129,            0.039628,            0.024499,           0.0098633,              0.4981,             0.57995,             0.53593,             0.31327,            0.034615,            0.014853,           0.0077244,           0.0058492,           0.0058492,           0.0058492
                 130,            0.039528,            0.024538,           0.0098808,             0.47512,             0.60236,             0.53584,             0.31333,            0.034618,            0.014858,           0.0077173,            0.005799,            0.005799,            0.005799
                 131,             0.03952,            0.024487,           0.0098164,             0.48535,             0.59279,             0.53632,             0.31349,            0.034612,            0.014846,           0.0077074,           0.0057488,           0.0057488,           0.0057488
                 132,            0.039579,            0.024539,           0.0097501,             0.48111,             0.59859,             0.53658,             0.31377,            0.034601,            0.014836,           0.0077012,           0.0056987,           0.0056987,           0.0056987
                 133,             0.03959,            0.024437,           0.0098758,             0.48164,             0.59707,             0.53673,               0.314,            0.034599,            0.014834,           0.0077013,           0.0056486,           0.0056486,           0.0056486
                 134,            0.039513,            0.024478,           0.0097963,             0.48301,             0.59567,             0.53707,             0.31436,            0.034591,            0.014837,           0.0077037,           0.0055986,           0.0055986,           0.0055986
                 135,            0.039541,            0.024513,            0.009743,             0.48511,             0.59331,             0.53748,              0.3147,            0.034581,            0.014832,           0.0077045,           0.0055486,           0.0055486,           0.0055486
                 136,            0.039417,            0.024503,           0.0097013,             0.48582,             0.59223,             0.53735,             0.31468,            0.034588,            0.014832,           0.0076947,           0.0054987,           0.0054987,           0.0054987
                 137,            0.039585,            0.024577,           0.0095944,              0.4906,              0.5876,             0.53763,             0.31464,            0.034582,            0.014829,           0.0076816,           0.0054488,           0.0054488,           0.0054488
                 138,            0.039443,            0.024345,           0.0097684,             0.48703,             0.59194,             0.53791,             0.31487,            0.034574,            0.014823,           0.0076754,           0.0053991,           0.0053991,           0.0053991
                 139,            0.039402,             0.02431,           0.0097495,              0.5018,             0.57749,             0.53798,               0.315,            0.034577,            0.014826,           0.0076655,           0.0053495,           0.0053495,           0.0053495
                 140,            0.039364,              0.0245,            0.009633,             0.49936,             0.57875,             0.53795,             0.31527,            0.034574,            0.014826,           0.0076565,           0.0052999,           0.0052999,           0.0052999
                 141,            0.039239,            0.024455,           0.0096529,             0.47873,             0.59856,             0.53818,             0.31527,            0.034572,            0.014829,           0.0076517,           0.0052505,           0.0052505,           0.0052505
                 142,            0.039401,            0.024643,           0.0094936,             0.49554,             0.58166,             0.53842,             0.31534,            0.034566,            0.014827,           0.0076511,           0.0052012,           0.0052012,           0.0052012
                 143,            0.039603,              0.0246,           0.0096188,              0.4905,             0.58619,             0.53853,             0.31566,            0.034554,            0.014822,           0.0076444,            0.005152,            0.005152,            0.005152
                 144,             0.03921,            0.024331,           0.0096158,             0.49169,             0.58546,             0.53866,             0.31597,            0.034548,            0.014819,           0.0076449,           0.0051029,           0.0051029,           0.0051029
                 145,            0.039239,            0.024386,           0.0096318,             0.48377,             0.59442,              0.5387,             0.31604,            0.034541,            0.014819,           0.0076467,            0.005054,            0.005054,            0.005054
                 146,             0.03935,            0.024431,            0.009568,             0.47719,              0.6014,             0.53859,             0.31609,            0.034531,            0.014823,           0.0076457,           0.0050052,           0.0050052,           0.0050052
                 147,            0.039321,            0.024659,           0.0095236,             0.48114,             0.59688,             0.53867,             0.31608,            0.034526,            0.014819,           0.0076424,           0.0049566,           0.0049566,           0.0049566
                 148,            0.039225,            0.024319,           0.0095232,             0.49768,             0.58023,             0.53856,               0.316,             0.03452,            0.014826,           0.0076428,           0.0049082,           0.0049082,           0.0049082
                 149,            0.039268,            0.024379,           0.0094953,             0.49277,             0.58511,             0.53884,             0.31624,            0.034511,            0.014825,           0.0076376,           0.0048599,           0.0048599,           0.0048599
                 150,            0.039114,             0.02436,           0.0095241,             0.48557,             0.59304,             0.53889,             0.31643,              0.0345,            0.014819,           0.0076323,           0.0048118,           0.0048118,           0.0048118
                 151,            0.039092,            0.024416,            0.009428,             0.47833,             0.60122,             0.53923,             0.31658,            0.034488,            0.014814,           0.0076228,           0.0047639,           0.0047639,           0.0047639
                 152,            0.039112,            0.024439,           0.0093958,             0.47737,             0.60289,             0.53967,              0.3167,            0.034485,            0.014815,           0.0076203,           0.0047162,           0.0047162,           0.0047162
                 153,            0.038991,            0.024252,           0.0093377,             0.48478,             0.59467,             0.53945,             0.31654,            0.034484,            0.014815,           0.0076071,           0.0046687,           0.0046687,           0.0046687
                 154,            0.039065,            0.024429,           0.0094348,             0.48146,             0.59714,             0.53964,             0.31682,             0.03447,            0.014806,           0.0076035,           0.0046214,           0.0046214,           0.0046214
                 155,             0.03907,            0.024242,           0.0093999,             0.47998,             0.59879,             0.53991,              0.3167,            0.034469,            0.014803,           0.0076087,           0.0045744,           0.0045744,           0.0045744
                 156,            0.039034,            0.024355,           0.0092485,             0.47705,             0.60279,             0.53994,             0.31693,            0.034468,            0.014801,           0.0076067,           0.0045275,           0.0045275,           0.0045275
                 157,            0.039015,            0.024308,           0.0093877,             0.48059,              0.5999,             0.54069,             0.31717,            0.034467,            0.014804,           0.0076047,           0.0044809,           0.0044809,           0.0044809
                 158,            0.038969,            0.024426,           0.0092914,             0.48843,             0.59253,             0.54098,             0.31726,            0.034468,            0.014816,           0.0075977,           0.0044345,           0.0044345,           0.0044345
                 159,            0.039031,            0.024363,           0.0092498,             0.49095,             0.59002,             0.54138,             0.31749,            0.034464,            0.014815,           0.0075963,           0.0043884,           0.0043884,           0.0043884
                 160,            0.038986,            0.024262,           0.0092919,             0.48191,             0.59993,             0.54173,             0.31759,            0.034462,             0.01481,           0.0075917,           0.0043425,           0.0043425,           0.0043425
                 161,            0.038884,            0.024308,           0.0091918,              0.4907,             0.59125,             0.54175,             0.31767,            0.034464,            0.014806,           0.0075972,           0.0042969,           0.0042969,           0.0042969
                 162,            0.038767,            0.024254,           0.0091487,             0.50103,             0.58139,             0.54199,             0.31809,            0.034455,            0.014794,           0.0075953,           0.0042515,           0.0042515,           0.0042515
                 163,             0.03885,            0.024094,           0.0092927,             0.49193,             0.59012,             0.54199,             0.31806,            0.034455,            0.014796,           0.0075891,           0.0042065,           0.0042065,           0.0042065
                 164,            0.038911,            0.024298,           0.0091441,             0.47375,             0.60968,             0.54221,              0.3182,            0.034447,            0.014782,           0.0075872,           0.0041617,           0.0041617,           0.0041617
                 165,             0.03877,            0.024304,           0.0090789,             0.47272,             0.61084,             0.54202,             0.31828,            0.034443,            0.014778,           0.0075929,           0.0041172,           0.0041172,           0.0041172
                 166,            0.038813,            0.024175,           0.0091638,             0.47097,             0.61267,             0.54175,             0.31819,            0.034451,            0.014787,           0.0075957,            0.004073,            0.004073,            0.004073
                 167,            0.038701,            0.024172,           0.0091264,             0.47308,             0.60944,             0.54151,             0.31821,            0.034441,            0.014785,            0.007595,           0.0040291,           0.0040291,           0.0040291
                 168,            0.038786,            0.024138,           0.0090575,             0.46853,             0.61599,             0.54204,             0.31842,            0.034434,             0.01478,           0.0075904,           0.0039855,           0.0039855,           0.0039855
                 169,            0.038601,            0.024044,           0.0090363,             0.49665,             0.58463,             0.54228,             0.31846,            0.034427,            0.014777,           0.0075864,           0.0039422,           0.0039422,           0.0039422
                 170,            0.038647,            0.024229,           0.0092048,             0.49772,             0.58436,             0.54254,             0.31867,            0.034423,            0.014778,           0.0075846,           0.0038993,           0.0038993,           0.0038993
                 171,            0.038623,            0.024057,           0.0090654,             0.49684,             0.58593,             0.54285,             0.31883,            0.034423,            0.014779,            0.007583,           0.0038567,           0.0038567,           0.0038567
                 172,            0.038683,            0.024195,           0.0089556,             0.50189,             0.58111,             0.54275,             0.31892,            0.034419,            0.014777,           0.0075816,           0.0038144,           0.0038144,           0.0038144
                 173,            0.038566,            0.024213,           0.0089074,             0.48952,             0.59416,             0.54295,             0.31901,            0.034425,            0.014777,           0.0075811,           0.0037725,           0.0037725,           0.0037725
                 174,            0.038652,            0.024117,           0.0089732,             0.49847,             0.58626,             0.54332,             0.31923,            0.034434,            0.014781,           0.0075796,           0.0037309,           0.0037309,           0.0037309
                 175,            0.038526,            0.024115,           0.0089869,             0.48948,             0.59613,             0.54358,             0.31914,            0.034432,            0.014773,           0.0075765,           0.0036897,           0.0036897,           0.0036897
                 176,            0.038664,            0.024145,           0.0089218,             0.48976,               0.596,             0.54385,             0.31948,            0.034442,             0.01478,           0.0075729,           0.0036489,           0.0036489,           0.0036489
                 177,            0.038583,            0.024242,           0.0088107,             0.49744,             0.58782,             0.54388,             0.31957,            0.034433,             0.01478,             0.00757,           0.0036084,           0.0036084,           0.0036084
                 178,            0.038627,            0.024183,           0.0088183,             0.49628,             0.58923,             0.54372,              0.3196,            0.034427,            0.014784,           0.0075742,           0.0035683,           0.0035683,           0.0035683
                 179,            0.038505,            0.023942,           0.0088472,             0.49387,             0.59124,             0.54361,             0.31973,            0.034407,            0.014779,           0.0075771,           0.0035286,           0.0035286,           0.0035286
                 180,            0.038616,            0.024117,           0.0087823,             0.48943,             0.59504,              0.5434,              0.3202,            0.034404,            0.014774,           0.0075781,           0.0034892,           0.0034892,           0.0034892
                 181,             0.03859,            0.024058,           0.0088252,             0.48863,             0.59547,             0.54352,             0.31997,            0.034406,            0.014768,           0.0075792,           0.0034503,           0.0034503,           0.0034503
                 182,            0.038369,            0.024119,           0.0087518,             0.48845,             0.59586,             0.54371,             0.31979,            0.034411,             0.01476,           0.0075717,           0.0034118,           0.0034118,           0.0034118
                 183,             0.03836,            0.023882,           0.0088034,             0.47923,             0.60684,             0.54376,             0.31985,            0.034414,            0.014758,           0.0075675,           0.0033737,           0.0033737,           0.0033737
                 184,            0.038298,            0.023935,           0.0088155,             0.48359,             0.60232,             0.54405,             0.32013,             0.03441,            0.014744,           0.0075609,            0.003336,            0.003336,            0.003336
                 185,            0.038401,            0.024065,           0.0087217,             0.48138,             0.60477,              0.5442,             0.32035,            0.034399,            0.014732,           0.0075606,           0.0032987,           0.0032987,           0.0032987
                 186,            0.038309,            0.024054,           0.0088287,             0.48171,             0.60511,             0.54447,             0.32054,             0.03438,            0.014722,            0.007556,           0.0032618,           0.0032618,           0.0032618
                 187,            0.038424,            0.024161,           0.0086355,              0.4831,             0.60369,             0.54479,             0.32063,            0.034374,            0.014719,           0.0075636,           0.0032254,           0.0032254,           0.0032254
                 188,            0.038342,            0.024001,           0.0087319,             0.48027,             0.60564,             0.54501,             0.32064,            0.034385,            0.014721,           0.0075647,           0.0031894,           0.0031894,           0.0031894
                 189,            0.038282,            0.023912,           0.0085525,             0.49421,             0.59008,             0.54529,             0.32102,            0.034372,            0.014724,           0.0075676,           0.0031539,           0.0031539,           0.0031539
                 190,            0.038122,            0.023923,           0.0086246,             0.49519,             0.58943,             0.54542,             0.32121,            0.034359,            0.014719,           0.0075631,           0.0031188,           0.0031188,           0.0031188
                 191,            0.038241,               0.024,           0.0086326,             0.49659,             0.58819,              0.5455,             0.32121,            0.034373,            0.014718,           0.0075611,           0.0030841,           0.0030841,           0.0030841
                 192,            0.038268,            0.024038,           0.0085831,             0.50351,             0.58137,             0.54549,             0.32129,            0.034388,            0.014726,           0.0075579,           0.0030499,           0.0030499,           0.0030499
                 193,            0.038353,            0.024049,           0.0086106,              0.4972,              0.5893,             0.54561,             0.32141,            0.034378,            0.014717,           0.0075593,           0.0030162,           0.0030162,           0.0030162
                 194,            0.038004,            0.023911,           0.0085481,             0.50399,             0.58197,              0.5456,             0.32152,            0.034365,            0.014704,           0.0075572,            0.002983,            0.002983,            0.002983
                 195,             0.03814,            0.023941,           0.0085149,             0.50226,             0.58466,             0.54582,             0.32174,            0.034364,              0.0147,           0.0075574,           0.0029502,           0.0029502,           0.0029502
                 196,            0.038076,            0.023926,           0.0084967,             0.49792,             0.58865,             0.54584,             0.32162,            0.034376,              0.0147,           0.0075551,           0.0029179,           0.0029179,           0.0029179
                 197,            0.038114,            0.023932,           0.0085342,             0.49952,              0.5873,             0.54606,             0.32155,            0.034383,            0.014702,           0.0075503,           0.0028862,           0.0028862,           0.0028862
                 198,            0.038155,            0.023904,           0.0085365,             0.50431,             0.58233,             0.54608,             0.32132,             0.03439,            0.014705,           0.0075516,           0.0028548,           0.0028548,           0.0028548
                 199,             0.03812,            0.023907,           0.0085388,              0.5046,             0.58208,             0.54623,             0.32176,            0.034383,            0.014709,           0.0075542,            0.002824,            0.002824,            0.002824
                 200,             0.03806,             0.02401,           0.0083649,             0.50324,              0.5834,             0.54606,              0.3218,            0.034387,            0.014721,           0.0075566,           0.0027937,           0.0027937,           0.0027937
                 201,             0.03795,            0.023867,           0.0083334,             0.50297,             0.58462,             0.54618,              0.3219,            0.034377,             0.01472,           0.0075582,           0.0027639,           0.0027639,           0.0027639
                 202,            0.038063,            0.023839,           0.0084847,             0.50842,             0.57904,              0.5463,             0.32166,            0.034376,            0.014719,           0.0075575,           0.0027346,           0.0027346,           0.0027346
                 203,            0.037869,            0.023873,           0.0083314,             0.50927,             0.57777,             0.54645,             0.32203,            0.034373,            0.014717,           0.0075612,           0.0027059,           0.0027059,           0.0027059
                 204,            0.037908,            0.023822,           0.0083131,             0.51025,             0.57645,             0.54648,             0.32236,            0.034392,            0.014723,            0.007568,           0.0026776,           0.0026776,           0.0026776
                 205,            0.037947,            0.023875,           0.0081966,             0.50094,              0.5853,             0.54634,             0.32223,            0.034388,            0.014714,           0.0075766,           0.0026499,           0.0026499,           0.0026499
                 206,             0.03779,            0.023805,           0.0082528,             0.49761,             0.58854,             0.54638,             0.32241,            0.034396,            0.014715,           0.0075845,           0.0026227,           0.0026227,           0.0026227
                 207,            0.037781,            0.023875,             0.00829,             0.50767,             0.57753,             0.54656,             0.32244,            0.034393,            0.014697,           0.0075832,            0.002596,            0.002596,            0.002596
                 208,            0.037818,             0.02375,           0.0081716,             0.49238,             0.59369,             0.54654,             0.32248,            0.034388,            0.014688,           0.0075877,           0.0025699,           0.0025699,           0.0025699
                 209,            0.037726,            0.023682,           0.0082214,             0.49914,             0.58542,             0.54647,             0.32232,            0.034398,            0.014688,           0.0075999,           0.0025443,           0.0025443,           0.0025443
                 210,            0.037847,            0.023807,           0.0081824,             0.50547,             0.58027,             0.54669,             0.32255,            0.034385,            0.014679,           0.0076036,           0.0025193,           0.0025193,           0.0025193
                 211,            0.037775,            0.023675,           0.0083114,             0.50431,             0.58097,             0.54669,             0.32279,            0.034376,            0.014677,           0.0076068,           0.0024948,           0.0024948,           0.0024948
                 212,            0.037712,            0.023658,            0.008187,             0.50626,             0.57948,             0.54669,             0.32278,            0.034378,            0.014677,             0.00761,           0.0024708,           0.0024708,           0.0024708
                 213,              0.0377,            0.023801,            0.008084,             0.50093,             0.58544,             0.54648,              0.3226,            0.034384,            0.014683,           0.0076168,           0.0024475,           0.0024475,           0.0024475
                 214,            0.037663,            0.023787,           0.0080101,             0.50816,             0.57788,             0.54641,             0.32301,            0.034385,            0.014688,            0.007618,           0.0024246,           0.0024246,           0.0024246
                 215,            0.037674,             0.02366,            0.008034,             0.49348,             0.59267,             0.54644,             0.32305,            0.034383,            0.014694,           0.0076231,           0.0024024,           0.0024024,           0.0024024
                 216,            0.037575,            0.023649,           0.0081194,              0.5051,             0.58134,              0.5467,             0.32304,            0.034387,              0.0147,           0.0076261,           0.0023807,           0.0023807,           0.0023807
                 217,            0.037506,            0.023781,           0.0080877,             0.49919,             0.58721,             0.54673,             0.32314,            0.034371,            0.014695,           0.0076298,           0.0023596,           0.0023596,           0.0023596
                 218,            0.037685,            0.023714,            0.008044,             0.49738,             0.58995,              0.5468,             0.32315,            0.034358,            0.014682,           0.0076265,            0.002339,            0.002339,            0.002339
                 219,            0.037645,            0.023721,           0.0080367,              0.5064,             0.58113,             0.54698,             0.32326,            0.034331,            0.014662,           0.0076272,           0.0023191,           0.0023191,           0.0023191
                 220,             0.03763,            0.023743,           0.0078776,             0.50515,             0.58158,             0.54722,             0.32349,            0.034326,            0.014659,           0.0076334,           0.0022997,           0.0022997,           0.0022997
                 221,            0.037573,             0.02361,           0.0081032,              0.5024,             0.58381,             0.54717,             0.32383,            0.034328,            0.014656,           0.0076381,           0.0022809,           0.0022809,           0.0022809
                 222,            0.037461,            0.023616,           0.0078707,             0.50635,             0.57983,             0.54726,             0.32369,            0.034337,            0.014668,           0.0076407,           0.0022627,           0.0022627,           0.0022627
                 223,            0.037554,            0.023728,           0.0079405,             0.49951,             0.58685,             0.54733,             0.32374,            0.034331,            0.014669,           0.0076466,           0.0022451,           0.0022451,           0.0022451
                 224,            0.037572,            0.023789,            0.007892,             0.49726,             0.58999,             0.54746,             0.32388,             0.03434,            0.014673,           0.0076517,            0.002228,            0.002228,            0.002228
                 225,            0.037568,            0.023632,           0.0079427,             0.49873,             0.58818,              0.5476,               0.324,            0.034343,            0.014675,           0.0076532,           0.0022116,           0.0022116,           0.0022116
                 226,            0.037479,            0.023654,            0.007909,             0.49527,             0.59233,             0.54763,             0.32419,             0.03435,            0.014676,           0.0076595,           0.0021958,           0.0021958,           0.0021958
                 227,            0.037454,            0.023583,            0.007875,               0.499,             0.58773,             0.54737,             0.32389,            0.034371,            0.014682,           0.0076659,           0.0021805,           0.0021805,           0.0021805
                 228,            0.037521,            0.023772,           0.0078798,             0.49784,             0.58938,             0.54727,             0.32409,            0.034374,            0.014679,           0.0076749,           0.0021659,           0.0021659,           0.0021659
                 229,            0.037397,            0.023471,           0.0078186,             0.48857,             0.59996,             0.54769,               0.324,            0.034383,            0.014679,           0.0076796,           0.0021519,           0.0021519,           0.0021519
                 230,             0.03738,            0.023572,           0.0078618,             0.49095,             0.59642,             0.54763,             0.32379,            0.034391,            0.014682,           0.0076856,           0.0021385,           0.0021385,           0.0021385
                 231,             0.03737,            0.023504,           0.0077543,             0.49316,             0.59354,             0.54747,             0.32399,            0.034393,            0.014688,           0.0076982,           0.0021257,           0.0021257,           0.0021257
                 232,            0.037248,            0.023466,           0.0077865,             0.48062,             0.60966,             0.54748,             0.32426,            0.034404,            0.014698,           0.0077086,           0.0021135,           0.0021135,           0.0021135
                 233,            0.037413,            0.023581,            0.007862,               0.499,             0.58761,             0.54731,             0.32419,            0.034398,            0.014695,           0.0077192,           0.0021019,           0.0021019,           0.0021019
                 234,            0.037242,            0.023382,           0.0077208,             0.48817,             0.59984,             0.54738,             0.32417,            0.034402,            0.014703,           0.0077229,           0.0020909,           0.0020909,           0.0020909
                 235,            0.037366,             0.02358,           0.0078384,             0.48841,             0.60013,             0.54732,             0.32418,            0.034411,            0.014709,            0.007726,           0.0020806,           0.0020806,           0.0020806
                 236,            0.037265,            0.023669,           0.0077078,              0.4871,             0.60114,             0.54743,             0.32412,            0.034416,            0.014709,           0.0077315,           0.0020709,           0.0020709,           0.0020709
                 237,            0.037439,            0.023654,           0.0078156,             0.50325,              0.5835,             0.54754,             0.32415,            0.034412,            0.014705,           0.0077308,           0.0020617,           0.0020617,           0.0020617
                 238,            0.037365,            0.023604,           0.0078068,             0.49297,             0.59454,             0.54764,             0.32433,            0.034423,            0.014709,           0.0077325,           0.0020533,           0.0020533,           0.0020533
                 239,            0.037261,            0.023617,            0.007735,             0.49223,             0.59648,             0.54752,              0.3245,            0.034422,            0.014719,           0.0077319,           0.0020454,           0.0020454,           0.0020454
                 240,            0.037291,            0.023399,             0.00777,             0.49927,             0.58785,              0.5477,             0.32462,            0.034426,            0.014719,           0.0077307,           0.0020382,           0.0020382,           0.0020382
                 241,            0.037221,            0.023469,           0.0077374,             0.49399,             0.59439,             0.54792,             0.32474,            0.034423,            0.014713,           0.0077295,           0.0020315,           0.0020315,           0.0020315
                 242,            0.037301,            0.023632,            0.007649,             0.50045,             0.58694,             0.54773,             0.32444,            0.034433,            0.014717,            0.007739,           0.0020256,           0.0020256,           0.0020256
                 243,            0.037219,            0.023615,           0.0075953,             0.51532,             0.57112,             0.54783,             0.32443,            0.034433,            0.014721,           0.0077494,           0.0020202,           0.0020202,           0.0020202
                 244,            0.037202,            0.023407,           0.0077215,             0.50124,             0.58444,              0.5476,              0.3244,            0.034432,            0.014723,           0.0077528,           0.0020155,           0.0020155,           0.0020155
                 245,            0.037286,            0.023575,           0.0075992,             0.51136,             0.57457,             0.54756,             0.32443,            0.034421,            0.014722,           0.0077563,           0.0020114,           0.0020114,           0.0020114
                 246,            0.037365,            0.023579,           0.0076354,             0.50689,             0.57965,             0.54747,             0.32445,            0.034426,            0.014727,           0.0077635,           0.0020079,           0.0020079,           0.0020079
                 247,            0.037201,            0.023559,           0.0076699,             0.49702,             0.58909,             0.54726,             0.32455,            0.034434,            0.014733,           0.0077729,           0.0020051,           0.0020051,           0.0020051
                 248,            0.037125,            0.023552,           0.0075965,             0.50514,             0.57984,              0.5472,             0.32453,            0.034429,            0.014746,           0.0077833,           0.0020028,           0.0020028,           0.0020028
                 249,            0.037278,            0.023347,           0.0076029,             0.50452,             0.58004,             0.54686,             0.32448,            0.034428,            0.014748,            0.007794,           0.0020013,           0.0020013,           0.0020013
